#	old_rank	structure_name	score
0	703	ranked_703.pdb_clean_haddock.pdb	-198.5283
1	298	ranked_298.pdb_clean_haddock.pdb	-192.9961
2	400	ranked_400.pdb_clean_haddock.pdb	-189.5867
3	706	ranked_706.pdb_clean_haddock.pdb	-188.46250000000003
4	242	ranked_242.pdb_clean_haddock.pdb	-188.3724
5	724	ranked_724.pdb_clean_haddock.pdb	-187.9681
6	590	ranked_590.pdb_clean_haddock.pdb	-187.69700000000003
7	564	ranked_564.pdb_clean_haddock.pdb	-187.5711
8	217	ranked_217.pdb_clean_haddock.pdb	-187.399
9	268	ranked_268.pdb_clean_haddock.pdb	-187.3408
10	319	ranked_319.pdb_clean_haddock.pdb	-186.9451
11	469	ranked_469.pdb_clean_haddock.pdb	-186.7879
12	612	ranked_612.pdb_clean_haddock.pdb	-186.41479999999999
13	623	ranked_623.pdb_clean_haddock.pdb	-186.14620000000002
14	499	ranked_499.pdb_clean_haddock.pdb	-185.8736
15	426	ranked_426.pdb_clean_haddock.pdb	-185.64773
16	579	ranked_579.pdb_clean_haddock.pdb	-184.9771
17	568	ranked_568.pdb_clean_haddock.pdb	-184.7554
18	495	ranked_495.pdb_clean_haddock.pdb	-184.36210000000003
19	317	ranked_317.pdb_clean_haddock.pdb	-184.16130000000004
20	671	ranked_671.pdb_clean_haddock.pdb	-183.7962
21	506	ranked_506.pdb_clean_haddock.pdb	-183.78673000000003
22	408	ranked_408.pdb_clean_haddock.pdb	-183.56350000000003
23	715	ranked_715.pdb_clean_haddock.pdb	-183.53709999999998
24	802	ranked_802.pdb_clean_haddock.pdb	-183.4091
25	493	ranked_493.pdb_clean_haddock.pdb	-183.0741
26	691	ranked_691.pdb_clean_haddock.pdb	-183.04840000000002
27	659	ranked_659.pdb_clean_haddock.pdb	-182.79840000000002
28	174	ranked_174.pdb_clean_haddock.pdb	-182.65667
29	223	ranked_223.pdb_clean_haddock.pdb	-182.5339
30	334	ranked_334.pdb_clean_haddock.pdb	-182.3425
31	249	ranked_249.pdb_clean_haddock.pdb	-182.25310000000002
32	632	ranked_632.pdb_clean_haddock.pdb	-182.17520000000002
33	347	ranked_347.pdb_clean_haddock.pdb	-182.0877
34	537	ranked_537.pdb_clean_haddock.pdb	-181.75340000000003
35	905	ranked_905.pdb_clean_haddock.pdb	-181.61
36	544	ranked_544.pdb_clean_haddock.pdb	-181.5006
37	730	ranked_730.pdb_clean_haddock.pdb	-181.4082
38	204	ranked_204.pdb_clean_haddock.pdb	-181.1874
39	233	ranked_233.pdb_clean_haddock.pdb	-181.14860000000002
40	237	ranked_237.pdb_clean_haddock.pdb	-181.0563
41	511	ranked_511.pdb_clean_haddock.pdb	-180.9899
42	618	ranked_618.pdb_clean_haddock.pdb	-180.7892
43	701	ranked_701.pdb_clean_haddock.pdb	-180.51018
44	512	ranked_512.pdb_clean_haddock.pdb	-180.4858
45	246	ranked_246.pdb_clean_haddock.pdb	-180.43183000000002
46	630	ranked_630.pdb_clean_haddock.pdb	-180.43150000000003
47	617	ranked_617.pdb_clean_haddock.pdb	-180.2024
48	790	ranked_790.pdb_clean_haddock.pdb	-180.16785
49	446	ranked_446.pdb_clean_haddock.pdb	-180.05649999999997
50	267	ranked_267.pdb_clean_haddock.pdb	-179.9634
51	501	ranked_501.pdb_clean_haddock.pdb	-179.9335
52	665	ranked_665.pdb_clean_haddock.pdb	-179.76489999999998
53	200	ranked_200.pdb_clean_haddock.pdb	-179.7477
54	478	ranked_478.pdb_clean_haddock.pdb	-179.6677
55	678	ranked_678.pdb_clean_haddock.pdb	-179.63183
56	904	ranked_904.pdb_clean_haddock.pdb	-179.58510000000004
57	781	ranked_781.pdb_clean_haddock.pdb	-179.5428
58	269	ranked_269.pdb_clean_haddock.pdb	-179.51620000000003
59	550	ranked_550.pdb_clean_haddock.pdb	-179.472
60	228	ranked_228.pdb_clean_haddock.pdb	-179.41412
61	791	ranked_791.pdb_clean_haddock.pdb	-179.40720000000002
62	259	ranked_259.pdb_clean_haddock.pdb	-179.1443
63	362	ranked_362.pdb_clean_haddock.pdb	-179.13809999999998
64	841	ranked_841.pdb_clean_haddock.pdb	-179.0824
65	443	ranked_443.pdb_clean_haddock.pdb	-179.0505
66	580	ranked_580.pdb_clean_haddock.pdb	-179.0317
67	583	ranked_583.pdb_clean_haddock.pdb	-178.9948
68	648	ranked_648.pdb_clean_haddock.pdb	-178.9013
69	187	ranked_187.pdb_clean_haddock.pdb	-178.82421
70	476	ranked_476.pdb_clean_haddock.pdb	-178.7915
71	738	ranked_738.pdb_clean_haddock.pdb	-178.75010000000003
72	299	ranked_299.pdb_clean_haddock.pdb	-178.7004
73	207	ranked_207.pdb_clean_haddock.pdb	-178.6501
74	901	ranked_901.pdb_clean_haddock.pdb	-178.63750000000002
75	130	ranked_130.pdb_clean_haddock.pdb	-178.59595000000002
76	732	ranked_732.pdb_clean_haddock.pdb	-178.54607000000001
77	208	ranked_208.pdb_clean_haddock.pdb	-178.3528
78	631	ranked_631.pdb_clean_haddock.pdb	-178.3213
79	602	ranked_602.pdb_clean_haddock.pdb	-178.2661
80	540	ranked_540.pdb_clean_haddock.pdb	-178.1653
81	96	ranked_96.pdb_clean_haddock.pdb	-178.0346
82	365	ranked_365.pdb_clean_haddock.pdb	-177.99383
83	625	ranked_625.pdb_clean_haddock.pdb	-177.948
84	273	ranked_273.pdb_clean_haddock.pdb	-177.7279
85	376	ranked_376.pdb_clean_haddock.pdb	-177.6118
86	247	ranked_247.pdb_clean_haddock.pdb	-177.55344
87	212	ranked_212.pdb_clean_haddock.pdb	-177.48440000000002
88	526	ranked_526.pdb_clean_haddock.pdb	-177.48380000000003
89	588	ranked_588.pdb_clean_haddock.pdb	-177.44740000000002
90	168	ranked_168.pdb_clean_haddock.pdb	-177.42483
91	346	ranked_346.pdb_clean_haddock.pdb	-177.4084
92	419	ranked_419.pdb_clean_haddock.pdb	-177.39013000000003
93	266	ranked_266.pdb_clean_haddock.pdb	-177.38
94	38	ranked_38.pdb_clean_haddock.pdb	-177.334
95	75	ranked_75.pdb_clean_haddock.pdb	-177.29980000000003
96	681	ranked_681.pdb_clean_haddock.pdb	-177.2483
97	201	ranked_201.pdb_clean_haddock.pdb	-177.2439
98	276	ranked_276.pdb_clean_haddock.pdb	-176.97570000000002
99	547	ranked_547.pdb_clean_haddock.pdb	-176.92730000000003
100	139	ranked_139.pdb_clean_haddock.pdb	-176.91696
101	919	ranked_919.pdb_clean_haddock.pdb	-176.9009
102	535	ranked_535.pdb_clean_haddock.pdb	-176.79632
103	352	ranked_352.pdb_clean_haddock.pdb	-176.67561
104	392	ranked_392.pdb_clean_haddock.pdb	-176.6362
105	640	ranked_640.pdb_clean_haddock.pdb	-176.61149999999998
106	171	ranked_171.pdb_clean_haddock.pdb	-176.57767
107	395	ranked_395.pdb_clean_haddock.pdb	-176.573
108	176	ranked_176.pdb_clean_haddock.pdb	-176.5372
109	49	ranked_49.pdb_clean_haddock.pdb	-176.53409000000002
110	157	ranked_157.pdb_clean_haddock.pdb	-176.5119
111	8	ranked_8.pdb_clean_haddock.pdb	-176.4832
112	133	ranked_133.pdb_clean_haddock.pdb	-176.4137
113	833	ranked_833.pdb_clean_haddock.pdb	-176.4091
114	504	ranked_504.pdb_clean_haddock.pdb	-176.39825
115	437	ranked_437.pdb_clean_haddock.pdb	-176.37189
116	296	ranked_296.pdb_clean_haddock.pdb	-176.3678
117	209	ranked_209.pdb_clean_haddock.pdb	-176.2898
118	236	ranked_236.pdb_clean_haddock.pdb	-176.2636
119	316	ranked_316.pdb_clean_haddock.pdb	-176.2123
120	137	ranked_137.pdb_clean_haddock.pdb	-176.19129
121	448	ranked_448.pdb_clean_haddock.pdb	-176.0958
122	609	ranked_609.pdb_clean_haddock.pdb	-176.00520000000003
123	218	ranked_218.pdb_clean_haddock.pdb	-176.00390000000002
124	521	ranked_521.pdb_clean_haddock.pdb	-175.9654
125	226	ranked_226.pdb_clean_haddock.pdb	-175.88060000000004
126	764	ranked_764.pdb_clean_haddock.pdb	-175.8744
127	463	ranked_463.pdb_clean_haddock.pdb	-175.853
128	810	ranked_810.pdb_clean_haddock.pdb	-175.7718
129	189	ranked_189.pdb_clean_haddock.pdb	-175.75143
130	944	ranked_944.pdb_clean_haddock.pdb	-175.7353
131	123	ranked_123.pdb_clean_haddock.pdb	-175.62107999999998
132	785	ranked_785.pdb_clean_haddock.pdb	-175.61260000000001
133	657	ranked_657.pdb_clean_haddock.pdb	-175.61106
134	180	ranked_180.pdb_clean_haddock.pdb	-175.60399999999998
135	327	ranked_327.pdb_clean_haddock.pdb	-175.55010000000001
136	769	ranked_769.pdb_clean_haddock.pdb	-175.5064
137	445	ranked_445.pdb_clean_haddock.pdb	-175.49190000000002
138	379	ranked_379.pdb_clean_haddock.pdb	-175.4338
139	47	ranked_47.pdb_clean_haddock.pdb	-175.4125
140	608	ranked_608.pdb_clean_haddock.pdb	-175.4017
141	982	ranked_982.pdb_clean_haddock.pdb	-175.3811
142	712	ranked_712.pdb_clean_haddock.pdb	-175.284
143	784	ranked_784.pdb_clean_haddock.pdb	-175.2796
144	613	ranked_613.pdb_clean_haddock.pdb	-175.2525
145	793	ranked_793.pdb_clean_haddock.pdb	-175.22170000000003
146	82	ranked_82.pdb_clean_haddock.pdb	-175.19096000000002
147	492	ranked_492.pdb_clean_haddock.pdb	-175.1078
148	750	ranked_750.pdb_clean_haddock.pdb	-175.0761
149	413	ranked_413.pdb_clean_haddock.pdb	-175.0627
150	615	ranked_615.pdb_clean_haddock.pdb	-175.0376
151	141	ranked_141.pdb_clean_haddock.pdb	-175.03160000000003
152	88	ranked_88.pdb_clean_haddock.pdb	-174.99255
153	749	ranked_749.pdb_clean_haddock.pdb	-174.9495
154	975	ranked_975.pdb_clean_haddock.pdb	-174.9125
155	438	ranked_438.pdb_clean_haddock.pdb	-174.8829
156	906	ranked_906.pdb_clean_haddock.pdb	-174.8795
157	169	ranked_169.pdb_clean_haddock.pdb	-174.84385
158	90	ranked_90.pdb_clean_haddock.pdb	-174.84179999999998
159	587	ranked_587.pdb_clean_haddock.pdb	-174.7634
160	674	ranked_674.pdb_clean_haddock.pdb	-174.69530000000003
161	774	ranked_774.pdb_clean_haddock.pdb	-174.65310000000002
162	638	ranked_638.pdb_clean_haddock.pdb	-174.6098
163	996	ranked_996.pdb_clean_haddock.pdb	-174.6064
164	700	ranked_700.pdb_clean_haddock.pdb	-174.54870000000003
165	792	ranked_792.pdb_clean_haddock.pdb	-174.5382
166	754	ranked_754.pdb_clean_haddock.pdb	-174.51229999999998
167	411	ranked_411.pdb_clean_haddock.pdb	-174.4491
168	915	ranked_915.pdb_clean_haddock.pdb	-174.4213
169	566	ranked_566.pdb_clean_haddock.pdb	-174.2708
170	214	ranked_214.pdb_clean_haddock.pdb	-174.24
171	87	ranked_87.pdb_clean_haddock.pdb	-174.17576
172	539	ranked_539.pdb_clean_haddock.pdb	-174.1225
173	760	ranked_760.pdb_clean_haddock.pdb	-174.06580000000002
174	460	ranked_460.pdb_clean_haddock.pdb	-174.0494
175	219	ranked_219.pdb_clean_haddock.pdb	-174.0442
176	290	ranked_290.pdb_clean_haddock.pdb	-173.9863
177	278	ranked_278.pdb_clean_haddock.pdb	-173.93810000000002
178	117	ranked_117.pdb_clean_haddock.pdb	-173.8552
179	198	ranked_198.pdb_clean_haddock.pdb	-173.80645
180	309	ranked_309.pdb_clean_haddock.pdb	-173.7985
181	752	ranked_752.pdb_clean_haddock.pdb	-173.78305
182	616	ranked_616.pdb_clean_haddock.pdb	-173.777
183	332	ranked_332.pdb_clean_haddock.pdb	-173.691
184	545	ranked_545.pdb_clean_haddock.pdb	-173.69033000000002
185	0	ranked_0.pdb_clean_haddock.pdb	-173.67557
186	729	ranked_729.pdb_clean_haddock.pdb	-173.67340000000002
187	936	ranked_936.pdb_clean_haddock.pdb	-173.59900000000002
188	986	ranked_986.pdb_clean_haddock.pdb	-173.512
189	656	ranked_656.pdb_clean_haddock.pdb	-173.50058
190	558	ranked_558.pdb_clean_haddock.pdb	-173.4401
191	787	ranked_787.pdb_clean_haddock.pdb	-173.4225
192	850	ranked_850.pdb_clean_haddock.pdb	-173.37780000000004
193	199	ranked_199.pdb_clean_haddock.pdb	-173.3632
194	283	ranked_283.pdb_clean_haddock.pdb	-173.3508
195	321	ranked_321.pdb_clean_haddock.pdb	-173.26333
196	746	ranked_746.pdb_clean_haddock.pdb	-173.19419999999997
197	138	ranked_138.pdb_clean_haddock.pdb	-173.166
198	885	ranked_885.pdb_clean_haddock.pdb	-173.1369
199	184	ranked_184.pdb_clean_haddock.pdb	-173.128
200	442	ranked_442.pdb_clean_haddock.pdb	-172.99650000000003
201	514	ranked_514.pdb_clean_haddock.pdb	-172.9846
202	341	ranked_341.pdb_clean_haddock.pdb	-172.9318
203	610	ranked_610.pdb_clean_haddock.pdb	-172.9316
204	399	ranked_399.pdb_clean_haddock.pdb	-172.9226
205	308	ranked_308.pdb_clean_haddock.pdb	-172.92155000000002
206	479	ranked_479.pdb_clean_haddock.pdb	-172.8427
207	109	ranked_109.pdb_clean_haddock.pdb	-172.7871
208	241	ranked_241.pdb_clean_haddock.pdb	-172.65339999999998
209	193	ranked_193.pdb_clean_haddock.pdb	-172.61882
210	147	ranked_147.pdb_clean_haddock.pdb	-172.6028
211	875	ranked_875.pdb_clean_haddock.pdb	-172.5644
212	808	ranked_808.pdb_clean_haddock.pdb	-172.50610000000003
213	351	ranked_351.pdb_clean_haddock.pdb	-172.5004
214	467	ranked_467.pdb_clean_haddock.pdb	-172.4993
215	383	ranked_383.pdb_clean_haddock.pdb	-172.4989
216	124	ranked_124.pdb_clean_haddock.pdb	-172.47350000000003
217	79	ranked_79.pdb_clean_haddock.pdb	-172.4006
218	345	ranked_345.pdb_clean_haddock.pdb	-172.3778
219	898	ranked_898.pdb_clean_haddock.pdb	-172.367
220	584	ranked_584.pdb_clean_haddock.pdb	-172.3227
221	216	ranked_216.pdb_clean_haddock.pdb	-172.30807000000004
222	325	ranked_325.pdb_clean_haddock.pdb	-172.3075
223	912	ranked_912.pdb_clean_haddock.pdb	-172.2952
224	132	ranked_132.pdb_clean_haddock.pdb	-172.2875
225	711	ranked_711.pdb_clean_haddock.pdb	-172.26540000000003
226	101	ranked_101.pdb_clean_haddock.pdb	-172.23770000000002
227	516	ranked_516.pdb_clean_haddock.pdb	-172.2237
228	203	ranked_203.pdb_clean_haddock.pdb	-172.1514
229	644	ranked_644.pdb_clean_haddock.pdb	-172.13226
230	152	ranked_152.pdb_clean_haddock.pdb	-172.08074000000002
231	28	ranked_28.pdb_clean_haddock.pdb	-172.07514
232	146	ranked_146.pdb_clean_haddock.pdb	-172.07399999999998
233	709	ranked_709.pdb_clean_haddock.pdb	-172.03000000000003
234	953	ranked_953.pdb_clean_haddock.pdb	-171.9373
235	406	ranked_406.pdb_clean_haddock.pdb	-171.9259
236	598	ranked_598.pdb_clean_haddock.pdb	-171.88507
237	739	ranked_739.pdb_clean_haddock.pdb	-171.83348
238	846	ranked_846.pdb_clean_haddock.pdb	-171.8262
239	736	ranked_736.pdb_clean_haddock.pdb	-171.7682
240	488	ranked_488.pdb_clean_haddock.pdb	-171.7593
241	989	ranked_989.pdb_clean_haddock.pdb	-171.67649999999998
242	725	ranked_725.pdb_clean_haddock.pdb	-171.607
243	899	ranked_899.pdb_clean_haddock.pdb	-171.5932
244	481	ranked_481.pdb_clean_haddock.pdb	-171.54510000000002
245	605	ranked_605.pdb_clean_haddock.pdb	-171.46597
246	441	ranked_441.pdb_clean_haddock.pdb	-171.4528
247	105	ranked_105.pdb_clean_haddock.pdb	-171.43550000000002
248	684	ranked_684.pdb_clean_haddock.pdb	-171.42588
249	839	ranked_839.pdb_clean_haddock.pdb	-171.41770000000002
250	385	ranked_385.pdb_clean_haddock.pdb	-171.37040000000002
251	153	ranked_153.pdb_clean_haddock.pdb	-171.3593
252	687	ranked_687.pdb_clean_haddock.pdb	-171.32960000000003
253	369	ranked_369.pdb_clean_haddock.pdb	-171.3123
254	326	ranked_326.pdb_clean_haddock.pdb	-171.2896
255	534	ranked_534.pdb_clean_haddock.pdb	-171.2795
256	57	ranked_57.pdb_clean_haddock.pdb	-171.2678
257	733	ranked_733.pdb_clean_haddock.pdb	-171.2542
258	522	ranked_522.pdb_clean_haddock.pdb	-171.21679999999998
259	310	ranked_310.pdb_clean_haddock.pdb	-171.2136
260	224	ranked_224.pdb_clean_haddock.pdb	-171.1809
261	292	ranked_292.pdb_clean_haddock.pdb	-171.09640000000002
262	304	ranked_304.pdb_clean_haddock.pdb	-171.0421
263	220	ranked_220.pdb_clean_haddock.pdb	-170.9914
264	34	ranked_34.pdb_clean_haddock.pdb	-170.95408000000003
265	371	ranked_371.pdb_clean_haddock.pdb	-170.92650000000003
266	551	ranked_551.pdb_clean_haddock.pdb	-170.924
267	472	ranked_472.pdb_clean_haddock.pdb	-170.8778
268	50	ranked_50.pdb_clean_haddock.pdb	-170.86885
269	757	ranked_757.pdb_clean_haddock.pdb	-170.86375999999998
270	368	ranked_368.pdb_clean_haddock.pdb	-170.8523
271	475	ranked_475.pdb_clean_haddock.pdb	-170.8297
272	155	ranked_155.pdb_clean_haddock.pdb	-170.78730000000002
273	388	ranked_388.pdb_clean_haddock.pdb	-170.7419
274	902	ranked_902.pdb_clean_haddock.pdb	-170.7403
275	170	ranked_170.pdb_clean_haddock.pdb	-170.73442
276	191	ranked_191.pdb_clean_haddock.pdb	-170.73029
277	646	ranked_646.pdb_clean_haddock.pdb	-170.69570000000002
278	104	ranked_104.pdb_clean_haddock.pdb	-170.6741
279	78	ranked_78.pdb_clean_haddock.pdb	-170.66140000000001
280	163	ranked_163.pdb_clean_haddock.pdb	-170.63317
281	620	ranked_620.pdb_clean_haddock.pdb	-170.6074
282	432	ranked_432.pdb_clean_haddock.pdb	-170.6062
283	225	ranked_225.pdb_clean_haddock.pdb	-170.5799
284	596	ranked_596.pdb_clean_haddock.pdb	-170.4882
285	468	ranked_468.pdb_clean_haddock.pdb	-170.47499999999997
286	490	ranked_490.pdb_clean_haddock.pdb	-170.4663
287	557	ranked_557.pdb_clean_haddock.pdb	-170.46459000000002
288	14	ranked_14.pdb_clean_haddock.pdb	-170.40519999999998
289	593	ranked_593.pdb_clean_haddock.pdb	-170.37776
290	751	ranked_751.pdb_clean_haddock.pdb	-170.3539
291	789	ranked_789.pdb_clean_haddock.pdb	-170.3184
292	519	ranked_519.pdb_clean_haddock.pdb	-170.3073
293	427	ranked_427.pdb_clean_haddock.pdb	-170.28050000000002
294	142	ranked_142.pdb_clean_haddock.pdb	-170.2249
295	849	ranked_849.pdb_clean_haddock.pdb	-170.1223
296	979	ranked_979.pdb_clean_haddock.pdb	-170.1221
297	185	ranked_185.pdb_clean_haddock.pdb	-170.0961
298	949	ranked_949.pdb_clean_haddock.pdb	-170.0928
299	865	ranked_865.pdb_clean_haddock.pdb	-170.07960000000003
300	464	ranked_464.pdb_clean_haddock.pdb	-170.0611
301	496	ranked_496.pdb_clean_haddock.pdb	-170.0563
302	366	ranked_366.pdb_clean_haddock.pdb	-170.03230000000002
303	978	ranked_978.pdb_clean_haddock.pdb	-169.9813
304	748	ranked_748.pdb_clean_haddock.pdb	-169.9619
305	529	ranked_529.pdb_clean_haddock.pdb	-169.9028
306	17	ranked_17.pdb_clean_haddock.pdb	-169.90011
307	795	ranked_795.pdb_clean_haddock.pdb	-169.80759999999998
308	86	ranked_86.pdb_clean_haddock.pdb	-169.73718000000002
309	650	ranked_650.pdb_clean_haddock.pdb	-169.72310000000002
310	524	ranked_524.pdb_clean_haddock.pdb	-169.7066
311	726	ranked_726.pdb_clean_haddock.pdb	-169.6904
312	589	ranked_589.pdb_clean_haddock.pdb	-169.6787
313	592	ranked_592.pdb_clean_haddock.pdb	-169.66170000000002
314	160	ranked_160.pdb_clean_haddock.pdb	-169.59772
315	412	ranked_412.pdb_clean_haddock.pdb	-169.5899
316	396	ranked_396.pdb_clean_haddock.pdb	-169.5752
317	591	ranked_591.pdb_clean_haddock.pdb	-169.56600000000003
318	121	ranked_121.pdb_clean_haddock.pdb	-169.53448000000003
319	668	ranked_668.pdb_clean_haddock.pdb	-169.5248
320	836	ranked_836.pdb_clean_haddock.pdb	-169.4749
321	717	ranked_717.pdb_clean_haddock.pdb	-169.44010000000003
322	897	ranked_897.pdb_clean_haddock.pdb	-169.4204
323	869	ranked_869.pdb_clean_haddock.pdb	-169.3715
324	457	ranked_457.pdb_clean_haddock.pdb	-169.34
325	515	ranked_515.pdb_clean_haddock.pdb	-169.3381
326	173	ranked_173.pdb_clean_haddock.pdb	-169.31507000000002
327	642	ranked_642.pdb_clean_haddock.pdb	-169.3122
328	167	ranked_167.pdb_clean_haddock.pdb	-169.29610000000002
329	765	ranked_765.pdb_clean_haddock.pdb	-169.17950000000002
330	570	ranked_570.pdb_clean_haddock.pdb	-169.1779
331	705	ranked_705.pdb_clean_haddock.pdb	-169.14499999999998
332	158	ranked_158.pdb_clean_haddock.pdb	-169.13597
333	825	ranked_825.pdb_clean_haddock.pdb	-169.12164
334	320	ranked_320.pdb_clean_haddock.pdb	-169.11360000000002
335	494	ranked_494.pdb_clean_haddock.pdb	-169.08169999999998
336	525	ranked_525.pdb_clean_haddock.pdb	-169.0739
337	116	ranked_116.pdb_clean_haddock.pdb	-169.06413000000003
338	683	ranked_683.pdb_clean_haddock.pdb	-169.0403
339	255	ranked_255.pdb_clean_haddock.pdb	-169.03719999999998
340	652	ranked_652.pdb_clean_haddock.pdb	-169.0224
341	264	ranked_264.pdb_clean_haddock.pdb	-169.01972000000004
342	129	ranked_129.pdb_clean_haddock.pdb	-168.9809
343	27	ranked_27.pdb_clean_haddock.pdb	-168.97802000000001
344	586	ranked_586.pdb_clean_haddock.pdb	-168.97745
345	866	ranked_866.pdb_clean_haddock.pdb	-168.9499
346	543	ranked_543.pdb_clean_haddock.pdb	-168.93810000000002
347	827	ranked_827.pdb_clean_haddock.pdb	-168.87779999999998
348	59	ranked_59.pdb_clean_haddock.pdb	-168.8564
349	917	ranked_917.pdb_clean_haddock.pdb	-168.856
350	156	ranked_156.pdb_clean_haddock.pdb	-168.8466
351	6	ranked_6.pdb_clean_haddock.pdb	-168.82670000000002
352	607	ranked_607.pdb_clean_haddock.pdb	-168.8076
353	772	ranked_772.pdb_clean_haddock.pdb	-168.7627
354	993	ranked_993.pdb_clean_haddock.pdb	-168.70180000000002
355	390	ranked_390.pdb_clean_haddock.pdb	-168.6662
356	554	ranked_554.pdb_clean_haddock.pdb	-168.6469
357	254	ranked_254.pdb_clean_haddock.pdb	-168.64190000000002
358	870	ranked_870.pdb_clean_haddock.pdb	-168.6414
359	805	ranked_805.pdb_clean_haddock.pdb	-168.6314
360	500	ranked_500.pdb_clean_haddock.pdb	-168.61390000000003
361	796	ranked_796.pdb_clean_haddock.pdb	-168.60379999999998
362	128	ranked_128.pdb_clean_haddock.pdb	-168.6031
363	439	ranked_439.pdb_clean_haddock.pdb	-168.5551
364	15	ranked_15.pdb_clean_haddock.pdb	-168.54817
365	621	ranked_621.pdb_clean_haddock.pdb	-168.53849
366	489	ranked_489.pdb_clean_haddock.pdb	-168.53150000000002
367	305	ranked_305.pdb_clean_haddock.pdb	-168.49370000000002
368	166	ranked_166.pdb_clean_haddock.pdb	-168.44857000000002
369	775	ranked_775.pdb_clean_haddock.pdb	-168.42455
370	256	ranked_256.pdb_clean_haddock.pdb	-168.4059
371	11	ranked_11.pdb_clean_haddock.pdb	-168.37345
372	622	ranked_622.pdb_clean_haddock.pdb	-168.37250000000003
373	384	ranked_384.pdb_clean_haddock.pdb	-168.31240000000003
374	95	ranked_95.pdb_clean_haddock.pdb	-168.2152
375	424	ranked_424.pdb_clean_haddock.pdb	-168.2119
376	699	ranked_699.pdb_clean_haddock.pdb	-168.20294
377	773	ranked_773.pdb_clean_haddock.pdb	-168.18280000000001
378	45	ranked_45.pdb_clean_haddock.pdb	-168.16449
379	287	ranked_287.pdb_clean_haddock.pdb	-168.0973
380	80	ranked_80.pdb_clean_haddock.pdb	-168.09626000000003
381	324	ranked_324.pdb_clean_haddock.pdb	-168.06390000000002
382	391	ranked_391.pdb_clean_haddock.pdb	-168.00320000000002
383	404	ranked_404.pdb_clean_haddock.pdb	-168.0026
384	154	ranked_154.pdb_clean_haddock.pdb	-167.96832
385	951	ranked_951.pdb_clean_haddock.pdb	-167.9606
386	252	ranked_252.pdb_clean_haddock.pdb	-167.9514
387	3	ranked_3.pdb_clean_haddock.pdb	-167.85473000000002
388	742	ranked_742.pdb_clean_haddock.pdb	-167.84467
389	10	ranked_10.pdb_clean_haddock.pdb	-167.83408
390	594	ranked_594.pdb_clean_haddock.pdb	-167.79698000000002
391	120	ranked_120.pdb_clean_haddock.pdb	-167.79364
392	149	ranked_149.pdb_clean_haddock.pdb	-167.7597
393	575	ranked_575.pdb_clean_haddock.pdb	-167.7372
394	474	ranked_474.pdb_clean_haddock.pdb	-167.70159999999998
395	107	ranked_107.pdb_clean_haddock.pdb	-167.675
396	983	ranked_983.pdb_clean_haddock.pdb	-167.64790000000002
397	549	ranked_549.pdb_clean_haddock.pdb	-167.6336
398	994	ranked_994.pdb_clean_haddock.pdb	-167.6298
399	410	ranked_410.pdb_clean_haddock.pdb	-167.61809999999997
400	663	ranked_663.pdb_clean_haddock.pdb	-167.59640000000002
401	222	ranked_222.pdb_clean_haddock.pdb	-167.58200000000002
402	555	ranked_555.pdb_clean_haddock.pdb	-167.54368000000002
403	661	ranked_661.pdb_clean_haddock.pdb	-167.54200000000003
404	565	ranked_565.pdb_clean_haddock.pdb	-167.52450000000002
405	382	ranked_382.pdb_clean_haddock.pdb	-167.5045
406	559	ranked_559.pdb_clean_haddock.pdb	-167.4849
407	619	ranked_619.pdb_clean_haddock.pdb	-167.47187
408	126	ranked_126.pdb_clean_haddock.pdb	-167.45331000000002
409	707	ranked_707.pdb_clean_haddock.pdb	-167.43627999999998
410	977	ranked_977.pdb_clean_haddock.pdb	-167.431
411	122	ranked_122.pdb_clean_haddock.pdb	-167.417
412	829	ranked_829.pdb_clean_haddock.pdb	-167.3946
413	763	ranked_763.pdb_clean_haddock.pdb	-167.37140000000002
414	5	ranked_5.pdb_clean_haddock.pdb	-167.346
415	151	ranked_151.pdb_clean_haddock.pdb	-167.34439999999998
416	56	ranked_56.pdb_clean_haddock.pdb	-167.287
417	914	ranked_914.pdb_clean_haddock.pdb	-167.2595
418	113	ranked_113.pdb_clean_haddock.pdb	-167.25730000000001
419	883	ranked_883.pdb_clean_haddock.pdb	-167.2306
420	999	ranked_999.pdb_clean_haddock.pdb	-167.2101
421	480	ranked_480.pdb_clean_haddock.pdb	-167.2011
422	314	ranked_314.pdb_clean_haddock.pdb	-167.1774
423	284	ranked_284.pdb_clean_haddock.pdb	-167.1619
424	973	ranked_973.pdb_clean_haddock.pdb	-167.1605
425	541	ranked_541.pdb_clean_haddock.pdb	-167.15370000000001
426	40	ranked_40.pdb_clean_haddock.pdb	-167.13368
427	673	ranked_673.pdb_clean_haddock.pdb	-167.12194
428	1	ranked_1.pdb_clean_haddock.pdb	-167.1012
429	364	ranked_364.pdb_clean_haddock.pdb	-167.0954
430	895	ranked_895.pdb_clean_haddock.pdb	-167.044
431	611	ranked_611.pdb_clean_haddock.pdb	-167.043
432	52	ranked_52.pdb_clean_haddock.pdb	-167.0426
433	64	ranked_64.pdb_clean_haddock.pdb	-167.03619000000003
434	232	ranked_232.pdb_clean_haddock.pdb	-166.9735
435	110	ranked_110.pdb_clean_haddock.pdb	-166.8968
436	164	ranked_164.pdb_clean_haddock.pdb	-166.87667
437	604	ranked_604.pdb_clean_haddock.pdb	-166.8632
438	372	ranked_372.pdb_clean_haddock.pdb	-166.8179
439	65	ranked_65.pdb_clean_haddock.pdb	-166.7545
440	909	ranked_909.pdb_clean_haddock.pdb	-166.73350000000002
441	213	ranked_213.pdb_clean_haddock.pdb	-166.61880000000002
442	195	ranked_195.pdb_clean_haddock.pdb	-166.5813
443	248	ranked_248.pdb_clean_haddock.pdb	-166.5742
444	313	ranked_313.pdb_clean_haddock.pdb	-166.57210000000003
445	32	ranked_32.pdb_clean_haddock.pdb	-166.56399
446	669	ranked_669.pdb_clean_haddock.pdb	-166.5564
447	771	ranked_771.pdb_clean_haddock.pdb	-166.55
448	815	ranked_815.pdb_clean_haddock.pdb	-166.52641000000003
449	19	ranked_19.pdb_clean_haddock.pdb	-166.46056
450	37	ranked_37.pdb_clean_haddock.pdb	-166.41947000000002
451	487	ranked_487.pdb_clean_haddock.pdb	-166.3568
452	891	ranked_891.pdb_clean_haddock.pdb	-166.325
453	20	ranked_20.pdb_clean_haddock.pdb	-166.28595
454	576	ranked_576.pdb_clean_haddock.pdb	-166.26184
455	660	ranked_660.pdb_clean_haddock.pdb	-166.2603
456	311	ranked_311.pdb_clean_haddock.pdb	-166.242
457	935	ranked_935.pdb_clean_haddock.pdb	-166.2287
458	312	ranked_312.pdb_clean_haddock.pdb	-166.2265
459	862	ranked_862.pdb_clean_haddock.pdb	-166.2144
460	779	ranked_779.pdb_clean_haddock.pdb	-166.1875
461	85	ranked_85.pdb_clean_haddock.pdb	-166.1793
462	55	ranked_55.pdb_clean_haddock.pdb	-166.1552
463	567	ranked_567.pdb_clean_haddock.pdb	-166.1362
464	782	ranked_782.pdb_clean_haddock.pdb	-166.133
465	72	ranked_72.pdb_clean_haddock.pdb	-166.09423
466	150	ranked_150.pdb_clean_haddock.pdb	-166.0875
467	910	ranked_910.pdb_clean_haddock.pdb	-166.07150000000001
468	250	ranked_250.pdb_clean_haddock.pdb	-166.02030000000002
469	119	ranked_119.pdb_clean_haddock.pdb	-166.01200000000003
470	563	ranked_563.pdb_clean_haddock.pdb	-166.007
471	713	ranked_713.pdb_clean_haddock.pdb	-165.9975
472	13	ranked_13.pdb_clean_haddock.pdb	-165.97220000000002
473	546	ranked_546.pdb_clean_haddock.pdb	-165.9684
474	723	ranked_723.pdb_clean_haddock.pdb	-165.936
475	634	ranked_634.pdb_clean_haddock.pdb	-165.89370000000002
476	473	ranked_473.pdb_clean_haddock.pdb	-165.8865
477	53	ranked_53.pdb_clean_haddock.pdb	-165.85902
478	136	ranked_136.pdb_clean_haddock.pdb	-165.84893
479	538	ranked_538.pdb_clean_haddock.pdb	-165.83929999999998
480	595	ranked_595.pdb_clean_haddock.pdb	-165.7819
481	451	ranked_451.pdb_clean_haddock.pdb	-165.7788
482	41	ranked_41.pdb_clean_haddock.pdb	-165.7712
483	43	ranked_43.pdb_clean_haddock.pdb	-165.6888
484	343	ranked_343.pdb_clean_haddock.pdb	-165.6815
485	759	ranked_759.pdb_clean_haddock.pdb	-165.67235
486	677	ranked_677.pdb_clean_haddock.pdb	-165.66810000000004
487	51	ranked_51.pdb_clean_haddock.pdb	-165.6598
488	300	ranked_300.pdb_clean_haddock.pdb	-165.621
489	887	ranked_887.pdb_clean_haddock.pdb	-165.6043
490	672	ranked_672.pdb_clean_haddock.pdb	-165.59320000000002
491	4	ranked_4.pdb_clean_haddock.pdb	-165.5837
492	127	ranked_127.pdb_clean_haddock.pdb	-165.57818000000003
493	933	ranked_933.pdb_clean_haddock.pdb	-165.5626
494	561	ranked_561.pdb_clean_haddock.pdb	-165.531
495	861	ranked_861.pdb_clean_haddock.pdb	-165.52570000000003
496	58	ranked_58.pdb_clean_haddock.pdb	-165.50430000000003
497	349	ranked_349.pdb_clean_haddock.pdb	-165.4701
498	820	ranked_820.pdb_clean_haddock.pdb	-165.4376
499	192	ranked_192.pdb_clean_haddock.pdb	-165.39689
500	359	ranked_359.pdb_clean_haddock.pdb	-165.3954
501	636	ranked_636.pdb_clean_haddock.pdb	-165.3893
502	465	ranked_465.pdb_clean_haddock.pdb	-165.3721
503	968	ranked_968.pdb_clean_haddock.pdb	-165.365
504	670	ranked_670.pdb_clean_haddock.pdb	-165.35415
505	893	ranked_893.pdb_clean_haddock.pdb	-165.3468
506	25	ranked_25.pdb_clean_haddock.pdb	-165.34521
507	548	ranked_548.pdb_clean_haddock.pdb	-165.322
508	186	ranked_186.pdb_clean_haddock.pdb	-165.32169000000002
509	710	ranked_710.pdb_clean_haddock.pdb	-165.31161
510	303	ranked_303.pdb_clean_haddock.pdb	-165.2776
511	542	ranked_542.pdb_clean_haddock.pdb	-165.2375
512	92	ranked_92.pdb_clean_haddock.pdb	-165.2238
513	188	ranked_188.pdb_clean_haddock.pdb	-165.2168
514	971	ranked_971.pdb_clean_haddock.pdb	-165.1241
515	931	ranked_931.pdb_clean_haddock.pdb	-165.11690000000002
516	76	ranked_76.pdb_clean_haddock.pdb	-165.1054
517	380	ranked_380.pdb_clean_haddock.pdb	-165.09890000000001
518	69	ranked_69.pdb_clean_haddock.pdb	-165.06886
519	22	ranked_22.pdb_clean_haddock.pdb	-165.06799
520	863	ranked_863.pdb_clean_haddock.pdb	-165.0604
521	416	ranked_416.pdb_clean_haddock.pdb	-164.99510000000004
522	102	ranked_102.pdb_clean_haddock.pdb	-164.99280000000002
523	955	ranked_955.pdb_clean_haddock.pdb	-164.9418
524	872	ranked_872.pdb_clean_haddock.pdb	-164.93540000000002
525	913	ranked_913.pdb_clean_haddock.pdb	-164.9342
526	998	ranked_998.pdb_clean_haddock.pdb	-164.8812
527	111	ranked_111.pdb_clean_haddock.pdb	-164.86564
528	179	ranked_179.pdb_clean_haddock.pdb	-164.82408
529	26	ranked_26.pdb_clean_haddock.pdb	-164.80810000000002
530	162	ranked_162.pdb_clean_haddock.pdb	-164.79895000000002
531	686	ranked_686.pdb_clean_haddock.pdb	-164.78910000000002
532	922	ranked_922.pdb_clean_haddock.pdb	-164.7808
533	527	ranked_527.pdb_clean_haddock.pdb	-164.7466
534	682	ranked_682.pdb_clean_haddock.pdb	-164.7244
535	822	ranked_822.pdb_clean_haddock.pdb	-164.6619
536	651	ranked_651.pdb_clean_haddock.pdb	-164.64339999999999
537	573	ranked_573.pdb_clean_haddock.pdb	-164.63460000000003
538	693	ranked_693.pdb_clean_haddock.pdb	-164.6259
539	679	ranked_679.pdb_clean_haddock.pdb	-164.59872
540	643	ranked_643.pdb_clean_haddock.pdb	-164.5478
541	221	ranked_221.pdb_clean_haddock.pdb	-164.5439
542	834	ranked_834.pdb_clean_haddock.pdb	-164.53470000000002
543	103	ranked_103.pdb_clean_haddock.pdb	-164.5261
544	449	ranked_449.pdb_clean_haddock.pdb	-164.5143
545	582	ranked_582.pdb_clean_haddock.pdb	-164.50390000000002
546	143	ranked_143.pdb_clean_haddock.pdb	-164.49724
547	44	ranked_44.pdb_clean_haddock.pdb	-164.49505
548	641	ranked_641.pdb_clean_haddock.pdb	-164.48555000000002
549	637	ranked_637.pdb_clean_haddock.pdb	-164.4695
550	340	ranked_340.pdb_clean_haddock.pdb	-164.4651
551	74	ranked_74.pdb_clean_haddock.pdb	-164.45421000000002
552	831	ranked_831.pdb_clean_haddock.pdb	-164.4329
553	46	ranked_46.pdb_clean_haddock.pdb	-164.3458
554	818	ranked_818.pdb_clean_haddock.pdb	-164.30630000000002
555	857	ranked_857.pdb_clean_haddock.pdb	-164.28646
556	215	ranked_215.pdb_clean_haddock.pdb	-164.20450000000002
557	697	ranked_697.pdb_clean_haddock.pdb	-164.1919
558	68	ranked_68.pdb_clean_haddock.pdb	-164.17849999999999
559	635	ranked_635.pdb_clean_haddock.pdb	-164.1756
560	484	ranked_484.pdb_clean_haddock.pdb	-164.12040000000002
561	181	ranked_181.pdb_clean_haddock.pdb	-164.10793
562	778	ranked_778.pdb_clean_haddock.pdb	-164.09470000000002
563	357	ranked_357.pdb_clean_haddock.pdb	-164.0832
564	335	ranked_335.pdb_clean_haddock.pdb	-164.0814
565	962	ranked_962.pdb_clean_haddock.pdb	-164.07580000000002
566	842	ranked_842.pdb_clean_haddock.pdb	-164.0666
567	370	ranked_370.pdb_clean_haddock.pdb	-164.0645
568	722	ranked_722.pdb_clean_haddock.pdb	-164.0334
569	42	ranked_42.pdb_clean_haddock.pdb	-164.02442
570	867	ranked_867.pdb_clean_haddock.pdb	-164.0206
571	945	ranked_945.pdb_clean_haddock.pdb	-163.9821
572	454	ranked_454.pdb_clean_haddock.pdb	-163.9762
573	813	ranked_813.pdb_clean_haddock.pdb	-163.9609
574	830	ranked_830.pdb_clean_haddock.pdb	-163.94883
575	797	ranked_797.pdb_clean_haddock.pdb	-163.9397
576	397	ranked_397.pdb_clean_haddock.pdb	-163.90820000000002
577	81	ranked_81.pdb_clean_haddock.pdb	-163.90079000000003
578	418	ranked_418.pdb_clean_haddock.pdb	-163.86300000000003
579	471	ranked_471.pdb_clean_haddock.pdb	-163.8576
580	414	ranked_414.pdb_clean_haddock.pdb	-163.84130000000002
581	794	ranked_794.pdb_clean_haddock.pdb	-163.7904
582	331	ranked_331.pdb_clean_haddock.pdb	-163.7623
583	882	ranked_882.pdb_clean_haddock.pdb	-163.76229999999998
584	578	ranked_578.pdb_clean_haddock.pdb	-163.71650000000002
585	645	ranked_645.pdb_clean_haddock.pdb	-163.70390000000003
586	798	ranked_798.pdb_clean_haddock.pdb	-163.68
587	824	ranked_824.pdb_clean_haddock.pdb	-163.671
588	753	ranked_753.pdb_clean_haddock.pdb	-163.6461
589	31	ranked_31.pdb_clean_haddock.pdb	-163.60724
590	903	ranked_903.pdb_clean_haddock.pdb	-163.60640000000004
591	377	ranked_377.pdb_clean_haddock.pdb	-163.6004
592	71	ranked_71.pdb_clean_haddock.pdb	-163.5985
593	182	ranked_182.pdb_clean_haddock.pdb	-163.59578
594	884	ranked_884.pdb_clean_haddock.pdb	-163.5928
595	766	ranked_766.pdb_clean_haddock.pdb	-163.57233000000002
596	197	ranked_197.pdb_clean_haddock.pdb	-163.57184
597	429	ranked_429.pdb_clean_haddock.pdb	-163.57160000000002
598	378	ranked_378.pdb_clean_haddock.pdb	-163.5537
599	845	ranked_845.pdb_clean_haddock.pdb	-163.5515
600	21	ranked_21.pdb_clean_haddock.pdb	-163.45186999999999
601	702	ranked_702.pdb_clean_haddock.pdb	-163.41699999999997
602	508	ranked_508.pdb_clean_haddock.pdb	-163.4122
603	177	ranked_177.pdb_clean_haddock.pdb	-163.40507000000002
604	178	ranked_178.pdb_clean_haddock.pdb	-163.39679
605	318	ranked_318.pdb_clean_haddock.pdb	-163.3915
606	737	ranked_737.pdb_clean_haddock.pdb	-163.36280000000002
607	959	ranked_959.pdb_clean_haddock.pdb	-163.349
608	407	ranked_407.pdb_clean_haddock.pdb	-163.3174
609	823	ranked_823.pdb_clean_haddock.pdb	-163.28330000000003
610	929	ranked_929.pdb_clean_haddock.pdb	-163.26380000000003
611	144	ranked_144.pdb_clean_haddock.pdb	-163.21832999999998
612	817	ranked_817.pdb_clean_haddock.pdb	-163.17569999999998
613	523	ranked_523.pdb_clean_haddock.pdb	-163.1719
614	205	ranked_205.pdb_clean_haddock.pdb	-163.0767
615	972	ranked_972.pdb_clean_haddock.pdb	-162.92999999999998
616	491	ranked_491.pdb_clean_haddock.pdb	-162.8256
617	991	ranked_991.pdb_clean_haddock.pdb	-162.8022
618	601	ranked_601.pdb_clean_haddock.pdb	-162.79145
619	890	ranked_890.pdb_clean_haddock.pdb	-162.7665
620	837	ranked_837.pdb_clean_haddock.pdb	-162.65720000000002
621	990	ranked_990.pdb_clean_haddock.pdb	-162.6556
622	718	ranked_718.pdb_clean_haddock.pdb	-162.6547
623	148	ranked_148.pdb_clean_haddock.pdb	-162.6304
624	60	ranked_60.pdb_clean_haddock.pdb	-162.6086
625	854	ranked_854.pdb_clean_haddock.pdb	-162.6025
626	323	ranked_323.pdb_clean_haddock.pdb	-162.60080000000002
627	302	ranked_302.pdb_clean_haddock.pdb	-162.57240000000002
628	838	ranked_838.pdb_clean_haddock.pdb	-162.56260000000003
629	275	ranked_275.pdb_clean_haddock.pdb	-162.54520000000002
630	664	ranked_664.pdb_clean_haddock.pdb	-162.5368
631	344	ranked_344.pdb_clean_haddock.pdb	-162.5365
632	513	ranked_513.pdb_clean_haddock.pdb	-162.5259
633	329	ranked_329.pdb_clean_haddock.pdb	-162.5204
634	553	ranked_553.pdb_clean_haddock.pdb	-162.39450000000002
635	61	ranked_61.pdb_clean_haddock.pdb	-162.39175
636	172	ranked_172.pdb_clean_haddock.pdb	-162.38282
637	18	ranked_18.pdb_clean_haddock.pdb	-162.38156
638	83	ranked_83.pdb_clean_haddock.pdb	-162.3539
639	556	ranked_556.pdb_clean_haddock.pdb	-162.3418
640	77	ranked_77.pdb_clean_haddock.pdb	-162.30801000000002
641	688	ranked_688.pdb_clean_haddock.pdb	-162.2443
642	843	ranked_843.pdb_clean_haddock.pdb	-162.2417
643	997	ranked_997.pdb_clean_haddock.pdb	-162.22320000000002
644	847	ranked_847.pdb_clean_haddock.pdb	-162.1724
645	93	ranked_93.pdb_clean_haddock.pdb	-162.14339999999999
646	695	ranked_695.pdb_clean_haddock.pdb	-162.08870000000002
647	835	ranked_835.pdb_clean_haddock.pdb	-162.0842
648	727	ranked_727.pdb_clean_haddock.pdb	-162.0829
649	235	ranked_235.pdb_clean_haddock.pdb	-162.0774
650	115	ranked_115.pdb_clean_haddock.pdb	-162.07602
651	436	ranked_436.pdb_clean_haddock.pdb	-162.06930000000003
652	950	ranked_950.pdb_clean_haddock.pdb	-162.06850000000003
653	194	ranked_194.pdb_clean_haddock.pdb	-162.0457
654	734	ranked_734.pdb_clean_haddock.pdb	-162.0389
655	271	ranked_271.pdb_clean_haddock.pdb	-161.99800000000002
656	783	ranked_783.pdb_clean_haddock.pdb	-161.9972
657	415	ranked_415.pdb_clean_haddock.pdb	-161.9475
658	957	ranked_957.pdb_clean_haddock.pdb	-161.8922
659	533	ranked_533.pdb_clean_haddock.pdb	-161.84597000000002
660	981	ranked_981.pdb_clean_haddock.pdb	-161.8386
661	980	ranked_980.pdb_clean_haddock.pdb	-161.819
662	941	ranked_941.pdb_clean_haddock.pdb	-161.8057
663	355	ranked_355.pdb_clean_haddock.pdb	-161.79241
664	307	ranked_307.pdb_clean_haddock.pdb	-161.7843
665	531	ranked_531.pdb_clean_haddock.pdb	-161.6933
666	135	ranked_135.pdb_clean_haddock.pdb	-161.67392
667	7	ranked_7.pdb_clean_haddock.pdb	-161.632
668	405	ranked_405.pdb_clean_haddock.pdb	-161.602
669	461	ranked_461.pdb_clean_haddock.pdb	-161.5977
670	574	ranked_574.pdb_clean_haddock.pdb	-161.5891
671	118	ranked_118.pdb_clean_haddock.pdb	-161.58507
672	62	ranked_62.pdb_clean_haddock.pdb	-161.57499
673	452	ranked_452.pdb_clean_haddock.pdb	-161.54350000000002
674	73	ranked_73.pdb_clean_haddock.pdb	-161.53543000000002
675	894	ranked_894.pdb_clean_haddock.pdb	-161.4742
676	440	ranked_440.pdb_clean_haddock.pdb	-161.37519
677	964	ranked_964.pdb_clean_haddock.pdb	-161.3453
678	281	ranked_281.pdb_clean_haddock.pdb	-161.2872
679	70	ranked_70.pdb_clean_haddock.pdb	-161.2703
680	190	ranked_190.pdb_clean_haddock.pdb	-161.23944
681	338	ranked_338.pdb_clean_haddock.pdb	-161.21560000000002
682	755	ranked_755.pdb_clean_haddock.pdb	-161.21370000000002
683	33	ranked_33.pdb_clean_haddock.pdb	-161.17489
684	728	ranked_728.pdb_clean_haddock.pdb	-161.1548
685	801	ranked_801.pdb_clean_haddock.pdb	-161.14839999999998
686	183	ranked_183.pdb_clean_haddock.pdb	-161.13935
687	889	ranked_889.pdb_clean_haddock.pdb	-161.1216
688	210	ranked_210.pdb_clean_haddock.pdb	-161.0983
689	84	ranked_84.pdb_clean_haddock.pdb	-161.07377
690	306	ranked_306.pdb_clean_haddock.pdb	-161.04440000000002
691	507	ranked_507.pdb_clean_haddock.pdb	-161.04010000000002
692	98	ranked_98.pdb_clean_haddock.pdb	-161.02773000000002
693	880	ranked_880.pdb_clean_haddock.pdb	-161.0098
694	239	ranked_239.pdb_clean_haddock.pdb	-161.00930000000002
695	868	ranked_868.pdb_clean_haddock.pdb	-160.97590000000002
696	812	ranked_812.pdb_clean_haddock.pdb	-160.9575
697	36	ranked_36.pdb_clean_haddock.pdb	-160.91310000000001
698	134	ranked_134.pdb_clean_haddock.pdb	-160.9126
699	67	ranked_67.pdb_clean_haddock.pdb	-160.90708
700	606	ranked_606.pdb_clean_haddock.pdb	-160.9043
701	125	ranked_125.pdb_clean_haddock.pdb	-160.88994000000002
702	840	ranked_840.pdb_clean_haddock.pdb	-160.88800000000003
703	94	ranked_94.pdb_clean_haddock.pdb	-160.8716
704	675	ranked_675.pdb_clean_haddock.pdb	-160.7883
705	777	ranked_777.pdb_clean_haddock.pdb	-160.7381
706	804	ranked_804.pdb_clean_haddock.pdb	-160.6406
707	685	ranked_685.pdb_clean_haddock.pdb	-160.5858
708	832	ranked_832.pdb_clean_haddock.pdb	-160.5273
709	466	ranked_466.pdb_clean_haddock.pdb	-160.4182
710	358	ranked_358.pdb_clean_haddock.pdb	-160.3485
711	969	ranked_969.pdb_clean_haddock.pdb	-160.3358
712	811	ranked_811.pdb_clean_haddock.pdb	-160.3349
713	649	ranked_649.pdb_clean_haddock.pdb	-160.3187
714	581	ranked_581.pdb_clean_haddock.pdb	-160.29480000000004
715	948	ranked_948.pdb_clean_haddock.pdb	-160.29000000000002
716	926	ranked_926.pdb_clean_haddock.pdb	-160.2859
717	112	ranked_112.pdb_clean_haddock.pdb	-160.25763999999998
718	907	ranked_907.pdb_clean_haddock.pdb	-160.19870000000003
719	291	ranked_291.pdb_clean_haddock.pdb	-160.1697
720	876	ranked_876.pdb_clean_haddock.pdb	-160.1222
721	848	ranked_848.pdb_clean_haddock.pdb	-160.02249999999998
722	816	ranked_816.pdb_clean_haddock.pdb	-159.96339999999998
723	536	ranked_536.pdb_clean_haddock.pdb	-159.9573
724	48	ranked_48.pdb_clean_haddock.pdb	-159.92052
725	761	ranked_761.pdb_clean_haddock.pdb	-159.8951
726	770	ranked_770.pdb_clean_haddock.pdb	-159.892
727	886	ranked_886.pdb_clean_haddock.pdb	-159.8784
728	639	ranked_639.pdb_clean_haddock.pdb	-159.87805
729	690	ranked_690.pdb_clean_haddock.pdb	-159.87220000000002
730	932	ranked_932.pdb_clean_haddock.pdb	-159.8581
731	970	ranked_970.pdb_clean_haddock.pdb	-159.8233
732	502	ranked_502.pdb_clean_haddock.pdb	-159.79440000000002
733	245	ranked_245.pdb_clean_haddock.pdb	-159.7511
734	196	ranked_196.pdb_clean_haddock.pdb	-159.75019
735	992	ranked_992.pdb_clean_haddock.pdb	-159.7375
736	91	ranked_91.pdb_clean_haddock.pdb	-159.72510000000003
737	603	ranked_603.pdb_clean_haddock.pdb	-159.71083000000002
738	758	ranked_758.pdb_clean_haddock.pdb	-159.6639
739	295	ranked_295.pdb_clean_haddock.pdb	-159.62439
740	633	ranked_633.pdb_clean_haddock.pdb	-159.61436
741	430	ranked_430.pdb_clean_haddock.pdb	-159.61
742	995	ranked_995.pdb_clean_haddock.pdb	-159.5728
743	925	ranked_925.pdb_clean_haddock.pdb	-159.52900000000002
744	330	ranked_330.pdb_clean_haddock.pdb	-159.50220000000002
745	756	ranked_756.pdb_clean_haddock.pdb	-159.49494
746	89	ranked_89.pdb_clean_haddock.pdb	-159.46798
747	459	ranked_459.pdb_clean_haddock.pdb	-159.4614
748	921	ranked_921.pdb_clean_haddock.pdb	-159.42079999999999
749	629	ranked_629.pdb_clean_haddock.pdb	-159.35500000000002
750	145	ranked_145.pdb_clean_haddock.pdb	-159.33828
751	938	ranked_938.pdb_clean_haddock.pdb	-159.3236
752	336	ranked_336.pdb_clean_haddock.pdb	-159.2988
753	161	ranked_161.pdb_clean_haddock.pdb	-159.24958
754	689	ranked_689.pdb_clean_haddock.pdb	-159.21359999999999
755	363	ranked_363.pdb_clean_haddock.pdb	-159.16080000000002
756	958	ranked_958.pdb_clean_haddock.pdb	-159.1437
757	571	ranked_571.pdb_clean_haddock.pdb	-159.13150000000002
758	342	ranked_342.pdb_clean_haddock.pdb	-159.07219999999998
759	206	ranked_206.pdb_clean_haddock.pdb	-159.05970000000002
760	63	ranked_63.pdb_clean_haddock.pdb	-159.05583000000001
761	253	ranked_253.pdb_clean_haddock.pdb	-159.0367
762	946	ranked_946.pdb_clean_haddock.pdb	-159.01860000000002
763	585	ranked_585.pdb_clean_haddock.pdb	-159.01144000000002
764	614	ranked_614.pdb_clean_haddock.pdb	-158.98787000000002
765	262	ranked_262.pdb_clean_haddock.pdb	-158.9864
766	238	ranked_238.pdb_clean_haddock.pdb	-158.98299999999998
767	231	ranked_231.pdb_clean_haddock.pdb	-158.9432
768	348	ranked_348.pdb_clean_haddock.pdb	-158.93640000000002
769	353	ranked_353.pdb_clean_haddock.pdb	-158.9312
770	743	ranked_743.pdb_clean_haddock.pdb	-158.8802
771	114	ranked_114.pdb_clean_haddock.pdb	-158.83746
772	289	ranked_289.pdb_clean_haddock.pdb	-158.8289
773	328	ranked_328.pdb_clean_haddock.pdb	-158.82870000000003
774	431	ranked_431.pdb_clean_haddock.pdb	-158.81369999999998
775	934	ranked_934.pdb_clean_haddock.pdb	-158.80200000000002
776	35	ranked_35.pdb_clean_haddock.pdb	-158.78990000000002
777	131	ranked_131.pdb_clean_haddock.pdb	-158.75728
778	24	ranked_24.pdb_clean_haddock.pdb	-158.749
779	387	ranked_387.pdb_clean_haddock.pdb	-158.7435
780	719	ranked_719.pdb_clean_haddock.pdb	-158.73669999999998
781	485	ranked_485.pdb_clean_haddock.pdb	-158.7252
782	716	ranked_716.pdb_clean_haddock.pdb	-158.71444
783	373	ranked_373.pdb_clean_haddock.pdb	-158.7101
784	960	ranked_960.pdb_clean_haddock.pdb	-158.69830000000002
785	692	ranked_692.pdb_clean_haddock.pdb	-158.68864
786	908	ranked_908.pdb_clean_haddock.pdb	-158.62539999999998
787	985	ranked_985.pdb_clean_haddock.pdb	-158.6211
788	562	ranked_562.pdb_clean_haddock.pdb	-158.54460000000003
789	483	ranked_483.pdb_clean_haddock.pdb	-158.49380000000002
790	263	ranked_263.pdb_clean_haddock.pdb	-158.4859
791	39	ranked_39.pdb_clean_haddock.pdb	-158.47641000000002
792	23	ranked_23.pdb_clean_haddock.pdb	-158.45600000000002
793	918	ranked_918.pdb_clean_haddock.pdb	-158.2725
794	322	ranked_322.pdb_clean_haddock.pdb	-158.21280000000002
795	498	ranked_498.pdb_clean_haddock.pdb	-158.1995
796	30	ranked_30.pdb_clean_haddock.pdb	-158.18203
797	599	ranked_599.pdb_clean_haddock.pdb	-158.1669
798	497	ranked_497.pdb_clean_haddock.pdb	-158.1529
799	721	ranked_721.pdb_clean_haddock.pdb	-158.14925999999997
800	108	ranked_108.pdb_clean_haddock.pdb	-158.01263
801	293	ranked_293.pdb_clean_haddock.pdb	-157.9719
802	859	ranked_859.pdb_clean_haddock.pdb	-157.8494
803	394	ranked_394.pdb_clean_haddock.pdb	-157.8342
804	680	ranked_680.pdb_clean_haddock.pdb	-157.76639999999998
805	279	ranked_279.pdb_clean_haddock.pdb	-157.7594
806	274	ranked_274.pdb_clean_haddock.pdb	-157.75920000000002
807	966	ranked_966.pdb_clean_haddock.pdb	-157.759
808	942	ranked_942.pdb_clean_haddock.pdb	-157.7559
809	731	ranked_731.pdb_clean_haddock.pdb	-157.7122
810	658	ranked_658.pdb_clean_haddock.pdb	-157.5772
811	528	ranked_528.pdb_clean_haddock.pdb	-157.4956
812	456	ranked_456.pdb_clean_haddock.pdb	-157.4248
813	577	ranked_577.pdb_clean_haddock.pdb	-157.4141
814	16	ranked_16.pdb_clean_haddock.pdb	-157.4088
815	900	ranked_900.pdb_clean_haddock.pdb	-157.3745
816	165	ranked_165.pdb_clean_haddock.pdb	-157.37219000000002
817	159	ranked_159.pdb_clean_haddock.pdb	-157.33352
818	509	ranked_509.pdb_clean_haddock.pdb	-157.23170000000002
819	520	ranked_520.pdb_clean_haddock.pdb	-157.2297
820	486	ranked_486.pdb_clean_haddock.pdb	-157.22639999999998
821	714	ranked_714.pdb_clean_haddock.pdb	-157.21339999999998
822	54	ranked_54.pdb_clean_haddock.pdb	-157.1977
823	140	ranked_140.pdb_clean_haddock.pdb	-157.14484
824	265	ranked_265.pdb_clean_haddock.pdb	-157.11860000000001
825	417	ranked_417.pdb_clean_haddock.pdb	-157.11648
826	852	ranked_852.pdb_clean_haddock.pdb	-157.10410000000002
827	234	ranked_234.pdb_clean_haddock.pdb	-157.036
828	940	ranked_940.pdb_clean_haddock.pdb	-157.00250000000003
829	879	ranked_879.pdb_clean_haddock.pdb	-157.00029999999998
830	655	ranked_655.pdb_clean_haddock.pdb	-156.98146
831	339	ranked_339.pdb_clean_haddock.pdb	-156.9148
832	482	ranked_482.pdb_clean_haddock.pdb	-156.9056
833	708	ranked_708.pdb_clean_haddock.pdb	-156.85549999999998
834	425	ranked_425.pdb_clean_haddock.pdb	-156.8308
835	227	ranked_227.pdb_clean_haddock.pdb	-156.7939
836	864	ranked_864.pdb_clean_haddock.pdb	-156.78633000000002
837	389	ranked_389.pdb_clean_haddock.pdb	-156.7193
838	745	ranked_745.pdb_clean_haddock.pdb	-156.7158
839	627	ranked_627.pdb_clean_haddock.pdb	-156.6071
840	965	ranked_965.pdb_clean_haddock.pdb	-156.5603
841	844	ranked_844.pdb_clean_haddock.pdb	-156.3998
842	987	ranked_987.pdb_clean_haddock.pdb	-156.3862
843	367	ranked_367.pdb_clean_haddock.pdb	-156.2236
844	628	ranked_628.pdb_clean_haddock.pdb	-156.2059
845	9	ranked_9.pdb_clean_haddock.pdb	-156.1695
846	458	ranked_458.pdb_clean_haddock.pdb	-156.1568
847	409	ranked_409.pdb_clean_haddock.pdb	-156.10590000000002
848	428	ranked_428.pdb_clean_haddock.pdb	-156.1012
849	654	ranked_654.pdb_clean_haddock.pdb	-155.98960000000002
850	97	ranked_97.pdb_clean_haddock.pdb	-155.90994
851	698	ranked_698.pdb_clean_haddock.pdb	-155.89079
852	806	ranked_806.pdb_clean_haddock.pdb	-155.8126
853	851	ranked_851.pdb_clean_haddock.pdb	-155.7581
854	277	ranked_277.pdb_clean_haddock.pdb	-155.71280000000002
855	229	ranked_229.pdb_clean_haddock.pdb	-155.6998
856	871	ranked_871.pdb_clean_haddock.pdb	-155.6598
857	350	ranked_350.pdb_clean_haddock.pdb	-155.6253
858	877	ranked_877.pdb_clean_haddock.pdb	-155.59910000000002
859	704	ranked_704.pdb_clean_haddock.pdb	-155.55530000000002
860	927	ranked_927.pdb_clean_haddock.pdb	-155.51670000000001
861	569	ranked_569.pdb_clean_haddock.pdb	-155.4858
862	740	ranked_740.pdb_clean_haddock.pdb	-155.4724
863	510	ranked_510.pdb_clean_haddock.pdb	-155.46519999999998
864	873	ranked_873.pdb_clean_haddock.pdb	-155.4253
865	667	ranked_667.pdb_clean_haddock.pdb	-155.1802
866	433	ranked_433.pdb_clean_haddock.pdb	-155.1216
867	741	ranked_741.pdb_clean_haddock.pdb	-155.097
868	892	ranked_892.pdb_clean_haddock.pdb	-155.0698
869	976	ranked_976.pdb_clean_haddock.pdb	-155.0422
870	261	ranked_261.pdb_clean_haddock.pdb	-155.0342
871	360	ranked_360.pdb_clean_haddock.pdb	-155.0012
872	100	ranked_100.pdb_clean_haddock.pdb	-154.94117
873	624	ranked_624.pdb_clean_haddock.pdb	-154.8891
874	503	ranked_503.pdb_clean_haddock.pdb	-154.7291
875	423	ranked_423.pdb_clean_haddock.pdb	-154.6583
876	447	ranked_447.pdb_clean_haddock.pdb	-154.6563
877	961	ranked_961.pdb_clean_haddock.pdb	-154.60840000000002
878	450	ranked_450.pdb_clean_haddock.pdb	-154.5921
879	288	ranked_288.pdb_clean_haddock.pdb	-154.5426
880	572	ranked_572.pdb_clean_haddock.pdb	-154.48170000000002
881	361	ranked_361.pdb_clean_haddock.pdb	-154.4416
882	211	ranked_211.pdb_clean_haddock.pdb	-154.39290000000003
883	99	ranked_99.pdb_clean_haddock.pdb	-154.3898
884	896	ranked_896.pdb_clean_haddock.pdb	-154.3773
885	393	ranked_393.pdb_clean_haddock.pdb	-154.27638000000002
886	470	ranked_470.pdb_clean_haddock.pdb	-154.2474
887	398	ranked_398.pdb_clean_haddock.pdb	-154.1541
888	272	ranked_272.pdb_clean_haddock.pdb	-154.01850000000002
889	967	ranked_967.pdb_clean_haddock.pdb	-154.0171
890	381	ranked_381.pdb_clean_haddock.pdb	-153.95110000000003
891	924	ranked_924.pdb_clean_haddock.pdb	-153.7895
892	422	ranked_422.pdb_clean_haddock.pdb	-153.68280000000001
893	916	ranked_916.pdb_clean_haddock.pdb	-153.6511
894	29	ranked_29.pdb_clean_haddock.pdb	-153.63105000000002
895	202	ranked_202.pdb_clean_haddock.pdb	-153.56810000000002
896	230	ranked_230.pdb_clean_haddock.pdb	-153.55680000000004
897	66	ranked_66.pdb_clean_haddock.pdb	-153.55469
898	860	ranked_860.pdb_clean_haddock.pdb	-153.5495
899	280	ranked_280.pdb_clean_haddock.pdb	-153.5244
900	943	ranked_943.pdb_clean_haddock.pdb	-153.45440000000002
901	375	ranked_375.pdb_clean_haddock.pdb	-153.44710000000003
902	807	ranked_807.pdb_clean_haddock.pdb	-153.3932
903	920	ranked_920.pdb_clean_haddock.pdb	-153.2864
904	923	ranked_923.pdb_clean_haddock.pdb	-153.1684
905	776	ranked_776.pdb_clean_haddock.pdb	-153.152
906	747	ranked_747.pdb_clean_haddock.pdb	-153.08410000000003
907	878	ranked_878.pdb_clean_haddock.pdb	-153.0624
908	175	ranked_175.pdb_clean_haddock.pdb	-153.04718
909	819	ranked_819.pdb_clean_haddock.pdb	-152.9812
910	988	ranked_988.pdb_clean_haddock.pdb	-152.683
911	301	ranked_301.pdb_clean_haddock.pdb	-152.6756
912	2	ranked_2.pdb_clean_haddock.pdb	-152.58665
913	258	ranked_258.pdb_clean_haddock.pdb	-152.5367
914	552	ranked_552.pdb_clean_haddock.pdb	-152.42719999999997
915	257	ranked_257.pdb_clean_haddock.pdb	-152.2991
916	403	ranked_403.pdb_clean_haddock.pdb	-152.2286
917	800	ranked_800.pdb_clean_haddock.pdb	-152.1461
918	626	ranked_626.pdb_clean_haddock.pdb	-152.1273
919	597	ranked_597.pdb_clean_haddock.pdb	-152.08856
920	297	ranked_297.pdb_clean_haddock.pdb	-152.02125
921	930	ranked_930.pdb_clean_haddock.pdb	-151.9017
922	735	ranked_735.pdb_clean_haddock.pdb	-151.8787
923	788	ranked_788.pdb_clean_haddock.pdb	-151.8098
924	260	ranked_260.pdb_clean_haddock.pdb	-151.7514
925	666	ranked_666.pdb_clean_haddock.pdb	-151.6284
926	803	ranked_803.pdb_clean_haddock.pdb	-151.5836
927	744	ranked_744.pdb_clean_haddock.pdb	-151.5717
928	518	ranked_518.pdb_clean_haddock.pdb	-151.51470000000003
929	720	ranked_720.pdb_clean_haddock.pdb	-151.403
930	453	ranked_453.pdb_clean_haddock.pdb	-151.38314000000003
931	12	ranked_12.pdb_clean_haddock.pdb	-151.26299
932	106	ranked_106.pdb_clean_haddock.pdb	-151.22551
933	462	ranked_462.pdb_clean_haddock.pdb	-151.2033
934	856	ranked_856.pdb_clean_haddock.pdb	-151.1979
935	662	ranked_662.pdb_clean_haddock.pdb	-151.17530000000002
936	374	ranked_374.pdb_clean_haddock.pdb	-150.96810000000002
937	780	ranked_780.pdb_clean_haddock.pdb	-150.5732
938	435	ranked_435.pdb_clean_haddock.pdb	-150.4519
939	826	ranked_826.pdb_clean_haddock.pdb	-150.36180000000002
940	821	ranked_821.pdb_clean_haddock.pdb	-150.317
941	881	ranked_881.pdb_clean_haddock.pdb	-150.29717000000002
942	401	ranked_401.pdb_clean_haddock.pdb	-150.24020000000002
943	974	ranked_974.pdb_clean_haddock.pdb	-150.21430000000004
944	600	ranked_600.pdb_clean_haddock.pdb	-150.08689999999999
945	386	ranked_386.pdb_clean_haddock.pdb	-150.0172
946	828	ranked_828.pdb_clean_haddock.pdb	-150.00114
947	762	ranked_762.pdb_clean_haddock.pdb	-149.8459
948	505	ranked_505.pdb_clean_haddock.pdb	-149.81119999999999
949	455	ranked_455.pdb_clean_haddock.pdb	-149.7954
950	956	ranked_956.pdb_clean_haddock.pdb	-149.7171
951	354	ranked_354.pdb_clean_haddock.pdb	-149.64499999999998
952	786	ranked_786.pdb_clean_haddock.pdb	-149.29704000000004
953	809	ranked_809.pdb_clean_haddock.pdb	-148.6352
954	560	ranked_560.pdb_clean_haddock.pdb	-148.4706
955	647	ranked_647.pdb_clean_haddock.pdb	-148.29420000000002
956	954	ranked_954.pdb_clean_haddock.pdb	-148.2715
957	286	ranked_286.pdb_clean_haddock.pdb	-148.25110000000004
958	799	ranked_799.pdb_clean_haddock.pdb	-148.1468
959	694	ranked_694.pdb_clean_haddock.pdb	-147.77624
960	434	ranked_434.pdb_clean_haddock.pdb	-147.4875
961	333	ranked_333.pdb_clean_haddock.pdb	-147.43169999999998
962	874	ranked_874.pdb_clean_haddock.pdb	-147.33950000000002
963	888	ranked_888.pdb_clean_haddock.pdb	-147.1938
964	282	ranked_282.pdb_clean_haddock.pdb	-147.0999
965	477	ranked_477.pdb_clean_haddock.pdb	-146.95110000000003
966	444	ranked_444.pdb_clean_haddock.pdb	-146.84900000000002
967	420	ranked_420.pdb_clean_haddock.pdb	-146.3581
968	243	ranked_243.pdb_clean_haddock.pdb	-146.07723000000001
969	517	ranked_517.pdb_clean_haddock.pdb	-146.0738
970	952	ranked_952.pdb_clean_haddock.pdb	-146.0123
971	767	ranked_767.pdb_clean_haddock.pdb	-145.8006
972	285	ranked_285.pdb_clean_haddock.pdb	-145.7375
973	947	ranked_947.pdb_clean_haddock.pdb	-145.5041
974	696	ranked_696.pdb_clean_haddock.pdb	-144.66189999999997
975	963	ranked_963.pdb_clean_haddock.pdb	-144.65997000000002
976	853	ranked_853.pdb_clean_haddock.pdb	-144.554
977	244	ranked_244.pdb_clean_haddock.pdb	-143.84980000000002
978	356	ranked_356.pdb_clean_haddock.pdb	-143.5218
979	532	ranked_532.pdb_clean_haddock.pdb	-143.38780000000003
980	315	ranked_315.pdb_clean_haddock.pdb	-143.33282
981	251	ranked_251.pdb_clean_haddock.pdb	-143.246
982	653	ranked_653.pdb_clean_haddock.pdb	-143.12163999999999
983	814	ranked_814.pdb_clean_haddock.pdb	-142.7714
984	402	ranked_402.pdb_clean_haddock.pdb	-141.97480000000002
985	240	ranked_240.pdb_clean_haddock.pdb	-141.3019
986	294	ranked_294.pdb_clean_haddock.pdb	-140.2049
987	337	ranked_337.pdb_clean_haddock.pdb	-139.4011
988	270	ranked_270.pdb_clean_haddock.pdb	-137.73249
989	530	ranked_530.pdb_clean_haddock.pdb	-136.6816
990	858	ranked_858.pdb_clean_haddock.pdb	0.553051
991	928	ranked_928.pdb_clean_haddock.pdb	44.032956
992	768	ranked_768.pdb_clean_haddock.pdb	359.24004999999994
993	676	ranked_676.pdb_clean_haddock.pdb	1447.7693000000002
994	937	ranked_937.pdb_clean_haddock.pdb	1449.1514000000002
995	855	ranked_855.pdb_clean_haddock.pdb	1456.3837
996	939	ranked_939.pdb_clean_haddock.pdb	1471.6477000000002
997	421	ranked_421.pdb_clean_haddock.pdb	1474.8061
998	984	ranked_984.pdb_clean_haddock.pdb	1482.1533
999	911	ranked_911.pdb_clean_haddock.pdb	1488.0875
